MOF,UG_PS_mine,UV_PS_mine,UG_PS_hymarc,UV_PS_hymarc,UG_PS_%err,UV_PS_%err,UG_TPS_mine,UV_TPS_mine,UG_TPS_hymarc,UV_TPS_hymarc,UG_TPS_%err,UV_TPS_%err
CAXPIC,0.033990,0.641860,0.010000,0.120000,239.900000,434.883333,0.176165,3.326614,0.150000,2.750000,17.443333,20.967782
ECOTOG,0.004199,0.077042,0.000000,0.020000,,285.210000,0.004424,0.081165,0.000000,0.020000,,305.825000
VAGMAT,12.501160,45.597289,8.500000,36.510000,47.072469,24.889862,16.864634,61.512820,12.150000,50.270000,38.803571,22.364869
